{
  "model_file": "planet_type_model.tflite",
  "task": "multiclass_classification",
  "target": "planet_type",
  "labels": [
    "Gas Giant",
    "Neptune-like",
    "Rocky",
    "Sub-Neptune",
    "Super-Earth",
    "Unknown"
  ],
  "n_classes": 6,
  "features": [
    "pl_orbper",
    "pl_orbsmax",
    "pl_rade",
    "pl_bmasse",
    "pl_orbeccen",
    "pl_eqt",
    "pl_insol",
    "st_teff",
    "st_rad",
    "st_mass",
    "st_logg",
    "st_met",
    "sy_dist",
    "radius_mass_ratio",
    "planet_star_radius_ratio",
    "flux_temp_ratio",
    "log_pl_orbper",
    "log_pl_bmasse",
    "log_pl_rade",
    "log_sy_dist"
  ],
  "n_features": 20,
  "scaler_mean": [
    11108.13950634216,
    2.7014787152319224,
    4.47275712511527,
    289.9823757578617,
    0.022389933047275677,
    833.3962628852892,
    206.07078596455594,
    5474.107105570508,
    1.134566321814858,
    0.9455765836083887,
    4.423302329076321,
    -0.014755197278220689,
    722.4019331174528,
    0.10555481603702221,
    0.04488199122729885,
    0.15925262787217356,
    2.6901382198034174,
    5.1699936676080265,
    1.294391114165062,
    6.098611492058574
  ],
  "scaler_scale": [
    2026758.0343796052,
    135.1906867724341,
    59.563570513224754,
    698.1905549437545,
    0.09047068281060498,
    286.7075398073097,
    922.4816974479531,
    949.590798231595,
    1.7037517200314074,
    0.2977623847044273,
    0.26503863279641726,
    0.18046065470692144,
    814.6651146558402,
    0.14403687635270496,
    0.698184349118896,
    0.30118938273052537,
    1.4314269552905081,
    0.9688837764669395,
    0.5180293461706119,
    1.1474022814476705
  ],
  "input_dtype": "float32",
  "output_dtype": "float32",
  "output_description": "Softmax probabilities for each planet type class",
  "n_train": 31508,
  "n_test": 7878,
  "test_accuracy": 0.9814673775069814,
  "test_f1": 0.9814697703767986,
  "classification_report": {
    "Gas Giant": {
      "precision": 0.8967391304347826,
      "recall": 0.9269662921348315,
      "f1-score": 0.9116022099447514,
      "support": 178.0
    },
    "Neptune-like": {
      "precision": 0.9724025974025974,
      "recall": 0.9630225080385852,
      "f1-score": 0.9676898222940227,
      "support": 622.0
    },
    "Rocky": {
      "precision": 0.9910313901345291,
      "recall": 0.973568281938326,
      "f1-score": 0.9822222222222222,
      "support": 681.0
    },
    "Sub-Neptune": {
      "precision": 0.9863070539419088,
      "recall": 0.9761806981519507,
      "f1-score": 0.981217750257998,
      "support": 2435.0
    },
    "Super-Earth": {
      "precision": 0.980794701986755,
      "recall": 0.9820954907161804,
      "f1-score": 0.9814446653412856,
      "support": 1508.0
    },
    "Unknown": {
      "precision": 0.9831257533145842,
      "recall": 0.9971475142624286,
      "f1-score": 0.990086991705442,
      "support": 2454.0
    },
    "accuracy": 0.9814673775069814,
    "macro avg": {
      "precision": 0.9684001045358596,
      "recall": 0.9698301308737172,
      "f1-score": 0.9690439436276203,
      "support": 7878.0
    },
    "weighted avg": {
      "precision": 0.9815477333158144,
      "recall": 0.9814673775069814,
      "f1-score": 0.9814697703767986,
      "support": 7878.0
    }
  }
}